{
    "accuracy": 57.42,
    "macro_f1": 0.5659,
    "micro_f1": 0.5742,
    "total_items": 876,
    "correct_items": 503,
    "mismatched_count": 373,
    "classification_report": "              precision    recall  f1-score   support\n\n     Correct     0.6025    0.4361    0.5060       438\n       Error     0.5581    0.7123    0.6259       438\n\n    accuracy                         0.5742       876\n   macro avg     0.5803    0.5742    0.5659       876\nweighted avg     0.5803    0.5742    0.5659       876\n",
    "confusion_matrix_string": "              Pred_Correct  Pred_Error\nTrue_Correct           191         247\nTrue_Error             126         312"
}